date,window_days,crps,mae
2025-08-29,30,0.729640,1.177558
2025-08-30,30,0.606707,1.019320
2025-08-31,30,0.727603,1.220250
2025-09-01,30,0.404061,0.530355
2025-09-02,30,0.287883,0.207817
2025-09-03,30,0.252941,0.337982
2025-09-04,30,0.275185,0.461545
2025-09-05,30,0.832897,1.361725
2025-09-06,30,0.549390,0.878803
2025-09-07,30,0.520358,0.237090
2025-09-08,30,2.771938,3.108391
2025-09-09,30,0.619545,1.038633
2025-09-10,30,0.772455,1.058494
2025-09-11,30,0.387098,0.486508
2025-09-12,30,0.969972,1.571631
2025-09-13,30,0.708100,1.187148
2025-09-14,30,0.614084,1.022054
2025-09-15,30,1.146037,1.776790
2025-09-16,30,0.329014,0.153523
2025-09-17,30,0.330692,0.169661
2025-09-18,30,2.709392,3.471885
2025-09-19,30,2.268264,3.058632
2025-09-20,30,0.347396,0.201995
2025-09-21,30,0.335403,0.082141
2025-09-22,30,0.761760,1.266784
2025-09-23,30,0.373643,0.489843
2025-09-24,30,2.973958,3.683636
2025-09-25,30,2.593261,3.335040
2025-09-26,30,3.370934,4.182370
2025-09-27,30,2.022848,2.889759
2025-09-28,30,1.867093,2.765172
2025-09-29,30,1.685483,2.594391
2025-09-30,30,2.408485,3.438621
2025-10-01,30,0.628778,0.899486
2025-10-02,30,0.637526,0.929385
2025-10-03,30,0.634634,0.923442
2025-10-04,30,0.499083,0.402958
2025-10-05,30,0.463841,0.010237
2025-10-06,30,0.644521,0.957454
2025-10-07,30,0.734152,1.172679
2025-10-08,30,0.952997,1.601538
2025-10-09,30,0.898951,1.505413
2025-10-10,30,0.715241,1.127405
2025-10-11,30,3.861468,4.991167
2025-10-12,30,0.501187,0.130471
2025-10-13,30,1.145078,1.912306
2025-10-14,30,2.772449,3.841609
2025-10-15,30,1.988272,2.989946
2025-10-16,30,3.620808,4.472443
2025-10-17,30,1.122030,1.843570
2025-10-18,30,0.676182,1.125530
2025-10-19,30,0.454341,0.545341
2025-10-20,30,4.288509,5.356958
2025-10-21,30,0.714772,1.201428
2025-10-22,30,0.664485,1.075032
2025-10-23,30,0.742645,1.236126
2025-10-24,30,0.334904,0.224963
2025-10-25,30,0.827198,1.375551
2025-10-26,30,0.335439,0.023794
2025-10-27,30,1.341324,2.076255
2025-10-28,30,1.184284,1.877269
2025-10-29,30,0.729940,1.075254
2025-10-30,30,0.508839,0.636030
2025-10-31,30,0.590447,0.986868
2025-11-01,30,0.640887,0.990739
2025-11-02,30,0.465070,0.590854
2025-11-03,30,0.554499,0.547848
2025-11-04,30,0.360757,0.564063
2025-11-05,30,1.585419,2.361225
2025-11-06,30,2.592876,3.438809
2025-11-07,30,0.259850,0.029339
2025-11-08,30,1.623766,2.596467
2025-11-09,30,0.549747,0.334172
2025-11-10,30,1.000692,1.480630
2025-11-11,30,1.978010,2.677857
2025-11-12,30,0.404397,0.484195
2025-11-13,30,0.338605,0.497456
2025-11-14,30,0.305285,0.301449
2025-11-15,30,0.573729,0.962823
2025-11-16,30,1.129212,1.898119
2025-11-17,30,0.555700,0.930613
2025-11-18,30,1.878807,2.456615
2025-11-19,30,0.679906,0.916450
2025-11-20,30,0.297215,0.364177
2025-11-21,30,2.772257,3.321064
2025-11-22,30,0.742620,1.243121
2025-11-23,30,0.436989,0.490736
2025-11-24,30,0.913171,1.439855
2025-11-25,30,1.455445,2.202776
2025-11-26,30,3.327901,4.268621
2025-11-27,30,2.719379,3.538028
2025-11-28,30,0.598177,1.005346
2025-11-29,30,0.555767,0.927695
2025-11-30,30,0.529119,0.546233
2025-12-01,30,1.843185,2.669899
2025-12-02,30,0.579182,0.851048
2025-12-03,30,0.587823,0.985209
2025-12-04,30,0.681009,1.129903
2025-12-05,30,0.657562,0.737825
2025-12-06,30,0.403732,0.320304
2025-12-07,30,0.328135,0.329988
2025-12-08,30,7.743007,8.623294
2025-12-09,30,0.824164,1.381182
2025-12-10,30,1.825011,2.787896
2025-12-11,30,3.821768,4.599701
2025-12-12,30,1.395189,2.280366
2025-12-13,30,0.637966,0.930514
2025-12-14,30,1.827213,2.739428
2025-12-15,30,0.699450,1.101103
2025-12-16,30,2.116187,3.090689
2025-12-17,30,3.458381,4.776157
2025-12-18,30,3.747885,4.966979
2025-12-19,30,0.718350,0.304929
2025-12-20,30,1.015229,1.693820
2025-12-21,30,0.809324,0.832038
2025-12-22,30,0.874632,1.372429
2025-12-23,30,0.625144,0.550998
2025-12-24,30,1.990910,3.146948
2025-12-25,30,0.620655,0.314699
2025-12-26,30,2.091460,3.267664
2025-12-27,30,0.796394,1.185597
2025-12-28,30,1.946243,3.044658
2025-12-29,30,1.813491,2.913623
2025-12-30,30,1.218515,2.048244
2025-12-31,30,1.756001,2.828244
2026-01-01,30,3.934972,5.413151
2026-01-02,30,2.303816,3.597096
2026-01-03,30,2.404596,3.728043
2026-01-04,30,0.899848,1.310502
2026-01-05,30,1.069541,1.743817
2026-01-06,30,0.858661,1.158161
2026-01-07,30,0.690355,0.251699
2026-01-08,30,0.596763,0.074650
2026-01-09,30,1.316905,2.212330
2026-01-10,30,6.985035,8.481628
2026-01-11,30,0.594917,0.589345
2026-01-12,30,1.234512,2.058337
2026-01-13,30,0.582108,0.507769
2026-01-14,30,0.949857,0.933292
2026-01-15,30,2.794087,4.235801
2026-01-16,30,1.745144,2.774691
2026-01-17,30,0.575795,0.519512
2026-01-18,30,0.344820,0.093750
2026-01-19,30,0.376126,0.170592
2026-01-20,30,4.099104,5.111396
2026-01-21,30,1.916651,3.049051
2026-01-22,30,2.019178,3.308848
2026-01-23,30,1.921948,3.186081
2026-01-24,30,3.181422,4.349121
2026-01-25,30,2.934545,4.888118
2026-01-26,30,1.529739,2.467617
2026-01-27,30,5.567722,7.192956
2026-01-28,30,1.356176,2.279614
2026-01-29,30,1.381085,2.320005
2026-01-30,30,0.685488,0.845535
2026-01-31,30,4.474821,5.862315
2026-02-01,30,0.698760,0.303267
2026-02-02,30,1.784966,2.921000
2026-02-03,30,0.899127,1.196156
2026-02-04,30,0.982182,1.616915
2026-02-05,30,1.260498,2.115876
2026-02-06,30,1.809794,2.914456
2026-02-07,30,2.993656,4.958121
2026-02-08,30,0.679809,0.076485
2026-02-09,30,1.315738,2.199808
2026-02-10,30,0.834752,1.255205
2026-02-11,30,0.653353,0.350842
2026-02-12,30,0.604810,0.340666
2026-02-13,30,0.874512,1.427885
2026-02-14,30,2.382602,3.602190
2026-02-15,30,0.705374,0.979728
2026-02-16,30,0.757632,1.196005
2026-02-17,30,0.629118,0.250304
2026-02-18,30,3.313448,5.074117
2026-02-19,30,1.596782,2.684043
2026-02-20,30,6.751367,8.971851
2026-02-21,30,1.563272,2.625313
2026-02-22,30,1.149807,1.884734
2026-02-23,30,1.949974,3.214655
2026-02-24,30,0.774864,0.447196
2026-02-25,30,2.432661,3.723626
2026-02-26,30,7.215865,8.858939
2026-02-27,30,5.887917,6.833498
2026-02-28,30,9.702751,12.125442
2026-03-01,30,2.764825,4.594797
2026-03-02,30,0.750031,0.859230
2026-03-03,30,2.893004,4.565917
2026-03-04,30,2.350850,3.942174
2026-03-05,30,1.361025,0.829390
2026-03-06,30,3.039488,5.098983
2026-03-07,30,2.034293,0.091741
2026-03-08,30,4.168644,6.165164
2026-03-09,30,5.579266,7.299705
2026-03-10,30,6.094748,8.755310
2026-03-11,30,2.601030,2.509957
2026-03-12,30,5.113159,8.590563
2026-03-13,30,2.334956,3.836605
2026-03-14,30,1.226258,1.091929
2026-03-15,30,0.771340,0.266188
2026-03-16,30,3.181354,5.341997
2026-03-17,30,2.241216,3.729949
2026-03-18,30,1.963859,3.299610
2026-03-19,30,1.807581,2.942704
2026-03-20,30,1.415573,1.049149
2026-03-21,30,1.168889,1.019101
2026-03-22,30,2.027380,2.802802
2026-03-23,30,1.564323,0.561294
2026-03-24,30,1.675879,2.692646
2026-03-25,30,1.092314,0.607299
2026-03-26,30,2.686952,4.436751
2026-03-27,30,7.288748,9.803730
2026-03-28,30,2.311137,3.877098
2026-03-29,30,1.919222,3.186017
2026-03-30,30,1.911749,3.191855
2026-03-31,30,0.944513,0.954869
2026-04-01,30,1.470837,2.273980
2026-04-02,30,0.941313,0.161770
2026-04-03,30,7.938541,10.579691
2026-04-04,30,1.091601,0.421030
2026-04-05,30,15.192469,17.642173
2026-04-06,30,1.285243,2.127650
2026-04-07,30,1.406514,2.363930
2026-04-08,30,0.505693,0.436501
2026-04-09,30,0.833051,1.385331
2026-04-10,30,2.017219,3.296278
2026-04-11,30,0.740967,1.132270
2026-04-12,30,1.305353,2.145406
2026-04-13,30,1.619891,2.722705
2026-04-14,30,1.643255,2.749201
2026-04-15,30,0.647223,0.521587
2026-04-16,30,1.740493,2.920656
2026-04-17,30,0.807835,0.155140
2026-04-18,30,1.169435,1.962834
2026-04-19,30,2.501614,3.619609
2026-04-20,30,1.265031,2.125542
2026-04-21,30,0.673177,0.410278
2026-04-22,30,2.590580,4.349062
2026-04-23,30,0.943657,0.485831
2026-04-24,30,1.117520,1.402980
2026-04-25,30,0.654352,0.715306
2026-04-26,30,0.748514,0.513729
2026-04-27,30,0.980527,1.475416
2026-04-28,30,0.742880,0.722093
2026-04-29,30,0.990904,1.664647
2026-04-30,30,2.119663,3.383943
2026-05-01,30,0.494173,0.131035
2026-05-02,30,0.593641,0.233312
2026-05-03,30,0.903449,1.497620
2026-05-04,30,1.575810,2.492988
2026-05-05,30,1.698339,2.601532
2026-05-06,30,1.209470,2.025551
2026-05-07,30,0.735690,1.057015
2026-05-08,30,0.842666,1.402185
2026-05-09,30,0.505089,0.178659
2026-05-10,30,2.726552,3.856552
2026-05-11,30,0.911011,1.459843
2026-05-12,30,0.428957,0.301727
2026-05-13,30,0.906402,1.523578
2026-05-14,30,1.182945,1.980050
2026-05-15,30,0.751445,1.132618
2026-05-16,30,0.488804,0.673644
2026-05-17,30,0.661006,1.098652
2026-05-18,30,1.958871,2.798324
2026-05-19,30,1.128484,1.838077
2026-05-20,30,1.145851,1.889338
2026-05-21,30,1.529125,2.364346
2026-05-22,30,1.049637,1.741263
2026-05-23,30,0.490332,0.581401
2026-05-24,30,3.363643,4.280205
2026-05-25,30,0.628372,1.025939
2025-08-29,45,0.629514,1.048424
2025-08-30,45,0.671719,1.119191
2025-08-31,45,0.681382,1.139631
2025-09-01,45,0.403437,0.405222
2025-09-02,45,0.355049,0.123364
2025-09-03,45,0.324469,0.117477
2025-09-04,45,0.252050,0.136304
2025-09-05,45,0.814412,1.357905
2025-09-06,45,0.696609,1.158984
2025-09-07,45,0.708041,1.016105
2025-09-08,45,1.926927,2.334450
2025-09-09,45,0.433878,0.661182
2025-09-10,45,0.674307,0.729740
2025-09-11,45,0.402807,0.573218
2025-09-12,45,1.054183,1.679570
2025-09-13,45,0.775005,1.301749
2025-09-14,45,0.841535,1.404658
2025-09-15,45,1.552063,2.227225
2025-09-16,45,0.334609,0.127747
2025-09-17,45,0.418944,0.526208
2025-09-18,45,2.611948,3.242623
2025-09-19,45,2.045728,2.791731
2025-09-20,45,0.336746,0.032907
2025-09-21,45,0.324969,0.047752
2025-09-22,45,0.776267,1.298525
2025-09-23,45,0.343925,0.062012
2025-09-24,45,2.709566,3.521544
2025-09-25,45,2.489538,3.333950
2025-09-26,45,3.059754,3.978545
2025-09-27,45,1.969010,2.879789
2025-09-28,45,1.793292,2.716046
2025-09-29,45,1.848584,2.776950
2025-09-30,45,2.754423,3.766353
2025-10-01,45,0.638579,0.953334
2025-10-02,45,0.536872,0.628717
2025-10-03,45,0.533516,0.630679
2025-10-04,45,0.671850,1.049890
2025-10-05,45,0.540744,0.721006
2025-10-06,45,0.865460,1.452893
2025-10-07,45,0.474054,0.491687
2025-10-08,45,1.218277,1.989355
2025-10-09,45,0.921880,1.549621
2025-10-10,45,0.721995,1.176508
2025-10-11,45,3.770850,4.788927
2025-10-12,45,0.452607,0.238871
2025-10-13,45,1.343666,2.164533
2025-10-14,45,2.826848,3.847574
2025-10-15,45,1.938562,2.913962
2025-10-16,45,2.788091,3.850554
2025-10-17,45,0.965848,1.622874
2025-10-18,45,0.767649,1.240297
2025-10-19,45,0.476807,0.081026
2025-10-20,45,4.329069,5.466245
2025-10-21,45,0.623298,0.817839
2025-10-22,45,0.636727,0.857263
2025-10-23,45,0.735990,1.144935
2025-10-24,45,0.511013,0.307489
2025-10-25,45,0.864958,1.433049
2025-10-26,45,0.434931,0.188605
2025-10-27,45,1.399587,2.233051
2025-10-28,45,1.209504,1.972127
2025-10-29,45,0.713546,1.064075
2025-10-30,45,0.527926,0.657668
2025-10-31,45,0.726387,1.220714
2025-11-01,45,0.729499,1.181299
2025-11-02,45,0.508541,0.698056
2025-11-03,45,0.553195,0.499389
2025-11-04,45,0.415530,0.656099
2025-11-05,45,1.438624,2.198259
2025-11-06,45,3.103740,3.949013
2025-11-07,45,0.285511,0.068643
2025-11-08,45,1.449365,2.307708
2025-11-09,45,0.555419,0.669243
2025-11-10,45,1.194917,2.000050
2025-11-11,45,0.918495,1.468339
2025-11-12,45,0.394630,0.504454
2025-11-13,45,0.366821,0.554520
2025-11-14,45,0.275076,0.092885
2025-11-15,45,0.414123,0.631897
2025-11-16,45,1.087174,1.826364
2025-11-17,45,0.297548,0.307713
2025-11-18,45,2.051725,2.673992
2025-11-19,45,0.565562,0.474064
2025-11-20,45,0.393229,0.602272
2025-11-21,45,2.630829,3.310675
2025-11-22,45,0.722805,1.143356
2025-11-23,45,0.547961,0.668388
2025-11-24,45,0.837435,1.310503
2025-11-25,45,1.448523,2.308780
2025-11-26,45,2.814375,3.923071
2025-11-27,45,2.502068,3.406454
2025-11-28,45,0.657406,1.098369
2025-11-29,45,0.592472,0.984659
2025-11-30,45,0.589712,0.516047
2025-12-01,45,1.664328,2.526944
2025-12-02,45,0.618422,0.922789
2025-12-03,45,0.488056,0.818784
2025-12-04,45,0.712945,1.195062
2025-12-05,45,0.836387,1.255966
2025-12-06,45,0.344078,0.295430
2025-12-07,45,0.327505,0.339900
2025-12-08,45,7.530867,8.402011
2025-12-09,45,1.234099,1.941174
2025-12-10,45,1.916059,2.804405
2025-12-11,45,4.510963,5.378926
2025-12-12,45,0.708222,1.144875
2025-12-13,45,0.484763,0.571182
2025-12-14,45,0.946669,1.579300
2025-12-15,45,0.438524,0.454771
2025-12-16,45,3.418395,4.340411
2025-12-17,45,3.565483,4.725486
2025-12-18,45,3.504038,4.599190
2025-12-19,45,0.858532,1.229866
2025-12-20,45,0.822090,1.327392
2025-12-21,45,0.736335,0.733383
2025-12-22,45,0.717499,1.035765
2025-12-23,45,0.645150,0.865611
2025-12-24,45,2.247164,3.353926
2025-12-25,45,0.534580,0.432084
2025-12-26,45,1.861600,2.892837
2025-12-27,45,0.807367,1.317461
2025-12-28,45,1.935979,2.976204
2025-12-29,45,1.575988,2.613101
2025-12-30,45,1.196927,2.009787
2025-12-31,45,1.747274,2.787539
2026-01-01,45,3.897743,5.224924
2026-01-02,45,2.372088,3.606073
2026-01-03,45,2.496782,3.722858
2026-01-04,45,0.805799,1.196318
2026-01-05,45,1.176776,1.977651
2026-01-06,45,0.688770,0.811897
2026-01-07,45,0.661692,0.686051
2026-01-08,45,0.589987,0.416678
2026-01-09,45,1.720980,2.830719
2026-01-10,45,7.356850,8.805262
2026-01-11,45,0.574311,0.299925
2026-01-12,45,1.093904,1.838747
2026-01-13,45,0.651513,0.842412
2026-01-14,45,0.981868,1.286189
2026-01-15,45,2.980006,4.425426
2026-01-16,45,1.888454,2.995637
2026-01-17,45,0.704667,0.844808
2026-01-18,45,0.596894,0.592675
2026-01-19,45,0.680588,0.898387
2026-01-20,45,2.234339,3.409831
2026-01-21,45,1.462365,2.451950
2026-01-22,45,1.851176,3.052330
2026-01-23,45,1.631552,2.740884
2026-01-24,45,3.694947,5.097081
2026-01-25,45,3.824011,5.726674
2026-01-26,45,1.786940,2.827011
2026-01-27,45,4.674411,6.192451
2026-01-28,45,1.005055,1.601983
2026-01-29,45,0.983798,1.569304
2026-01-30,45,0.624910,0.320439
2026-01-31,45,4.569997,5.971903
2026-02-01,45,0.664163,0.333732
2026-02-02,45,1.979758,3.139936
2026-02-03,45,1.027578,1.612468
2026-02-04,45,1.238051,2.080907
2026-02-05,45,1.555723,2.547808
2026-02-06,45,2.178990,3.374601
2026-02-07,45,3.233874,5.353727
2026-02-08,45,0.664039,0.207340
2026-02-09,45,1.599313,2.679628
2026-02-10,45,0.963840,1.521746
2026-02-11,45,0.731500,0.677531
2026-02-12,45,0.759556,0.903999
2026-02-13,45,1.189750,1.999622
2026-02-14,45,2.860728,4.224301
2026-02-15,45,0.633869,0.574347
2026-02-16,45,0.615159,0.544561
2026-02-17,45,0.847989,1.162467
2026-02-18,45,2.474600,4.040427
2026-02-19,45,1.162343,1.846119
2026-02-20,45,6.126099,8.217312
2026-02-21,45,1.373964,2.289862
2026-02-22,45,1.216467,2.017775
2026-02-23,45,2.108175,3.423650
2026-02-24,45,0.832415,0.685315
2026-02-25,45,2.280244,3.638668
2026-02-26,45,7.258715,9.079543
2026-02-27,45,5.955378,7.186262
2026-02-28,45,10.111089,12.375429
2026-03-01,45,3.195344,5.152424
2026-03-02,45,1.263949,2.087968
2026-03-03,45,2.588221,4.196715
2026-03-04,45,3.263923,5.270546
2026-03-05,45,1.369749,0.133858
2026-03-06,45,3.612863,5.968354
2026-03-07,45,2.195900,1.842274
2026-03-08,45,1.548322,2.437921
2026-03-09,45,3.930691,5.651838
2026-03-10,45,5.619039,8.139169
2026-03-11,45,2.456736,2.433243
2026-03-12,45,5.159837,8.664729
2026-03-13,45,2.594764,4.049800
2026-03-14,45,1.157595,1.165087
2026-03-15,45,0.433983,0.437011
2026-03-16,45,2.952432,4.957706
2026-03-17,45,1.892203,3.150299
2026-03-18,45,2.563899,3.846309
2026-03-19,45,1.956695,3.288980
2026-03-20,45,1.472585,0.853155
2026-03-21,45,1.049202,1.309947
2026-03-22,45,2.068935,2.156120
2026-03-23,45,2.146789,0.746564
2026-03-24,45,1.356634,2.280203
2026-03-25,45,0.790249,0.079213
2026-03-26,45,3.275546,4.841987
2026-03-27,45,8.288412,10.342025
2026-03-28,45,1.831678,3.078279
2026-03-29,45,1.743912,2.921297
2026-03-30,45,2.267891,3.812184
2026-03-31,45,1.004361,0.431339
2026-04-01,45,1.257706,0.768955
2026-04-02,45,1.171445,0.947111
2026-04-03,45,6.639335,9.224318
2026-04-04,45,1.417114,1.654046
2026-04-05,45,13.546367,16.315959
2026-04-06,45,1.491198,2.209224
2026-04-07,45,1.294623,1.771767
2026-04-08,45,1.093487,1.246154
2026-04-09,45,1.427720,2.253967
2026-04-10,45,1.890090,3.154174
2026-04-11,45,1.133983,1.353896
2026-04-12,45,1.796176,3.010447
2026-04-13,45,1.554046,2.470452
2026-04-14,45,1.487787,2.253581
2026-04-15,45,0.739313,0.105730
2026-04-16,45,2.068371,3.461002
2026-04-17,45,0.927623,0.459465
2026-04-18,45,1.397860,2.345622
2026-04-19,45,2.594281,3.840331
2026-04-20,45,1.383739,2.325715
2026-04-21,45,0.723948,0.168505
2026-04-22,45,2.969479,4.922477
2026-04-23,45,0.925332,0.093335
2026-04-24,45,1.008162,1.003007
2026-04-25,45,0.837137,1.266485
2026-04-26,45,0.870456,1.008373
2026-04-27,45,0.672910,1.094359
2026-04-28,45,0.819607,1.071460
2026-04-29,45,0.797219,1.264844
2026-04-30,45,2.394168,3.753210
2026-05-01,45,0.569584,0.425896
2026-05-02,45,0.593684,0.253841
2026-05-03,45,0.684913,0.997657
2026-05-04,45,1.898593,2.944430
2026-05-05,45,2.184377,3.250790
2026-05-06,45,1.439877,2.420326
2026-05-07,45,1.005459,1.450465
2026-05-08,45,1.142602,1.882469
2026-05-09,45,0.811986,0.737293
2026-05-10,45,2.681775,4.211821
2026-05-11,45,1.245658,1.913940
2026-05-12,45,0.434027,0.089285
2026-05-13,45,1.050417,1.764741
2026-05-14,45,1.350932,2.265843
2026-05-15,45,1.105526,1.503961
2026-05-16,45,0.445247,0.147016
2026-05-17,45,0.941010,1.572598
2026-05-18,45,1.131941,1.900900
2026-05-19,45,1.866155,2.803932
2026-05-20,45,0.693549,0.925741
2026-05-21,45,1.431039,2.294235
2026-05-22,45,0.937874,1.576406
2026-05-23,45,0.465676,0.085441
2026-05-24,45,2.928900,3.971673
2026-05-25,45,0.557471,0.568879
2025-08-29,60,0.718431,1.188818
2025-08-30,60,0.779519,1.303419
2025-08-31,60,0.786641,1.317265
2025-09-01,60,0.499252,0.628075
2025-09-02,60,0.409104,0.047808
2025-09-03,60,0.394659,0.053511
2025-09-04,60,0.339651,0.061645
2025-09-05,60,0.753092,1.263336
2025-09-06,60,0.634518,1.047525
2025-09-07,60,0.646937,0.937166
2025-09-08,60,1.862410,2.377772
2025-09-09,60,0.449118,0.678038
2025-09-10,60,0.596003,0.782368
2025-09-11,60,0.379050,0.448698
2025-09-12,60,0.984160,1.594398
2025-09-13,60,0.744211,1.250963
2025-09-14,60,0.702559,1.178519
2025-09-15,60,1.380399,2.074466
2025-09-16,60,0.354089,0.166647
2025-09-17,60,0.376547,0.177525
2025-09-18,60,2.476301,3.255914
2025-09-19,60,2.021000,2.847805
2025-09-20,60,0.389144,0.257636
2025-09-21,60,0.379425,0.227548
2025-09-22,60,0.881985,1.467158
2025-09-23,60,0.369950,0.134434
2025-09-24,60,2.573782,3.423498
2025-09-25,60,2.331090,3.188423
2025-09-26,60,3.067445,3.912457
2025-09-27,60,1.902883,2.787778
2025-09-28,60,1.790338,2.675683
2025-09-29,60,1.893373,2.798852
2025-09-30,60,2.716975,3.696144
2025-10-01,60,0.723081,1.187594
2025-10-02,60,0.469266,0.496064
2025-10-03,60,0.466851,0.529065
2025-10-04,60,0.649545,1.048255
2025-10-05,60,0.538431,0.764027
2025-10-06,60,0.903910,1.517676
2025-10-07,60,0.471639,0.521763
2025-10-08,60,1.297570,2.086579
2025-10-09,60,0.730915,1.204570
2025-10-10,60,0.625202,0.969470
2025-10-11,60,3.718690,4.737354
2025-10-12,60,0.451702,0.225543
2025-10-13,60,1.344198,2.175658
2025-10-14,60,2.874629,3.904121
2025-10-15,60,1.857734,2.819162
2025-10-16,60,2.440890,3.488054
2025-10-17,60,0.974317,1.637649
2025-10-18,60,0.785922,1.285514
2025-10-19,60,0.471872,0.151832
2025-10-20,60,4.351532,5.428627
2025-10-21,60,0.572164,0.728142
2025-10-22,60,0.614919,0.893414
2025-10-23,60,0.674398,1.047090
2025-10-24,60,0.494283,0.425376
2025-10-25,60,0.932250,1.566872
2025-10-26,60,0.459962,0.209038
2025-10-27,60,1.472187,2.345325
2025-10-28,60,1.326253,2.157373
2025-10-29,60,0.750932,1.224956
2025-10-30,60,0.547860,0.701032
2025-10-31,60,0.625504,0.947251
2025-11-01,60,0.629171,0.960194
2025-11-02,60,0.508696,0.590551
2025-11-03,60,0.498857,0.525519
2025-11-04,60,0.509218,0.605343
2025-11-05,60,1.532351,2.394738
2025-11-06,60,2.694065,3.688781
2025-11-07,60,0.423222,0.002535
2025-11-08,60,1.577668,2.482430
2025-11-09,60,0.503456,0.454406
2025-11-10,60,1.084515,1.814926
2025-11-11,60,1.328026,2.089312
2025-11-12,60,0.499187,0.698099
2025-11-13,60,0.427751,0.600041
2025-11-14,60,0.323880,0.169742
2025-11-15,60,0.549387,0.916483
2025-11-16,60,1.162625,1.949343
2025-11-17,60,0.499425,0.836731
2025-11-18,60,1.783911,2.417115
2025-11-19,60,0.602687,0.700453
2025-11-20,60,0.338826,0.427228
2025-11-21,60,2.641903,3.311344
2025-11-22,60,0.726490,1.185971
2025-11-23,60,0.487311,0.528784
2025-11-24,60,0.930434,1.414693
2025-11-25,60,1.491499,2.329968
2025-11-26,60,2.708110,3.816563
2025-11-27,60,2.549485,3.408691
2025-11-28,60,0.658398,1.104274
2025-11-29,60,0.710634,1.192759
2025-11-30,60,0.515065,0.348677
2025-12-01,60,1.333852,2.116850
2025-12-02,60,0.732210,1.201738
2025-12-03,60,0.398031,0.596570
2025-12-04,60,0.811735,1.363909
2025-12-05,60,0.969760,1.436406
2025-12-06,60,0.402874,0.513907
2025-12-07,60,0.285971,0.210255
2025-12-08,60,7.010881,8.009063
2025-12-09,60,1.053804,1.710756
2025-12-10,60,1.793408,2.721040
2025-12-11,60,4.605855,5.392918
2025-12-12,60,0.683844,1.087995
2025-12-13,60,0.482278,0.554019
2025-12-14,60,0.925399,1.539539
2025-12-15,60,0.410862,0.379529
2025-12-16,60,3.532029,4.302111
2025-12-17,60,3.637156,4.806480
2025-12-18,60,3.759013,4.690867
2025-12-19,60,0.786756,1.083924
2025-12-20,60,0.749264,1.245965
2025-12-21,60,0.672112,0.802463
2025-12-22,60,0.650511,0.957971
2025-12-23,60,0.644611,0.968527
2025-12-24,60,2.322066,3.363368
2025-12-25,60,0.480834,0.133475
2025-12-26,60,1.334784,2.192311
2025-12-27,60,0.549175,0.644043
2025-12-28,60,2.342505,3.366068
2025-12-29,60,2.127481,3.185655
2025-12-30,60,0.884256,1.476183
2025-12-31,60,1.479861,2.363485
2026-01-01,60,4.658910,6.009268
2026-01-02,60,1.900446,2.954428
2026-01-03,60,2.101442,3.121612
2026-01-04,60,0.633628,0.835920
2026-01-05,60,1.374625,2.242189
2026-01-06,60,0.603925,0.690437
2026-01-07,60,0.597667,0.637724
2026-01-08,60,0.553885,0.571351
2026-01-09,60,1.826400,2.922791
2026-01-10,60,7.606670,8.913360
2026-01-11,60,0.501073,0.095816
2026-01-12,60,1.024008,1.721083
2026-01-13,60,0.715154,1.090536
2026-01-14,60,1.099778,1.733734
2026-01-15,60,3.258739,4.646948
2026-01-16,60,1.917466,3.013980
2026-01-17,60,0.649556,0.689057
2026-01-18,60,0.568064,0.579955
2026-01-19,60,0.685907,0.993238
2026-01-20,60,1.925235,3.007787
2026-01-21,60,1.657174,2.708368
2026-01-22,60,2.183248,3.460103
2026-01-23,60,1.664752,2.792923
2026-01-24,60,4.211871,5.552600
2026-01-25,60,4.235305,6.176143
2026-01-26,60,2.037535,3.151680
2026-01-27,60,3.947649,5.406370
2026-01-28,60,0.818643,1.169940
2026-01-29,60,0.886046,1.376944
2026-01-30,60,0.570073,0.218103
2026-01-31,60,4.242621,5.603923
2026-02-01,60,0.684528,0.537390
2026-02-02,60,1.806580,2.951235
2026-02-03,60,0.954335,1.402127
2026-02-04,60,1.125749,1.877303
2026-02-05,60,1.382549,2.319175
2026-02-06,60,1.982894,3.187182
2026-02-07,60,3.377091,5.330191
2026-02-08,60,0.669266,0.238360
2026-02-09,60,1.566225,2.623659
2026-02-10,60,0.994999,1.600683
2026-02-11,60,0.725680,0.735624
2026-02-12,60,0.758317,0.913897
2026-02-13,60,1.183394,1.988652
2026-02-14,60,2.912877,4.277428
2026-02-15,60,0.623733,0.332350
2026-02-16,60,0.608326,0.313329
2026-02-17,60,1.026749,1.644844
2026-02-18,60,2.139570,3.557281
2026-02-19,60,0.987008,1.397258
2026-02-20,60,5.709419,7.812015
2026-02-21,60,1.180290,1.884900
2026-02-22,60,1.045362,1.638374
2026-02-23,60,1.807355,3.001843
2026-02-24,60,0.897053,1.055206
2026-02-25,60,2.321356,3.719425
2026-02-26,60,7.329910,9.184921
2026-02-27,60,6.143428,7.517889
2026-02-28,60,10.365418,12.696381
2026-03-01,60,3.499078,5.480563
2026-03-02,60,1.346926,2.252763
2026-03-03,60,2.307502,3.798644
2026-03-04,60,2.892557,4.714543
2026-03-05,60,1.268672,0.465049
2026-03-06,60,3.414607,5.614355
2026-03-07,60,1.984882,1.598714
2026-03-08,60,1.407640,2.152826
2026-03-09,60,3.676077,5.338187
2026-03-10,60,5.938349,8.266395
2026-03-11,60,2.223090,2.751263
2026-03-12,60,5.631345,9.177556
2026-03-13,60,2.106726,3.472407
2026-03-14,60,1.041728,0.806669
2026-03-15,60,0.588450,0.119453
2026-03-16,60,2.983124,5.008846
2026-03-17,60,2.174880,3.584856
2026-03-18,60,2.130667,3.421522
2026-03-19,60,1.843717,3.095971
2026-03-20,60,1.416552,1.114278
2026-03-21,60,0.970878,1.028857
2026-03-22,60,2.069136,2.636828
2026-03-23,60,2.068706,0.752616
2026-03-24,60,1.352831,2.272545
2026-03-25,60,0.801323,0.075211
2026-03-26,60,3.447081,4.912597
2026-03-27,60,8.504617,10.417071
2026-03-28,60,2.036445,3.356012
2026-03-29,60,1.701324,2.851462
2026-03-30,60,2.646297,4.412402
2026-03-31,60,1.216418,1.779583
2026-04-01,60,1.404869,0.677276
2026-04-02,60,1.385947,1.354719
2026-04-03,60,5.387005,8.429156
2026-04-04,60,1.664314,2.116814
2026-04-05,60,12.694166,15.770038
2026-04-06,60,1.399687,2.181562
2026-04-07,60,1.217714,1.853774
2026-04-08,60,0.819456,1.062842
2026-04-09,60,1.181166,1.962350
2026-04-10,60,1.754630,2.935970
2026-04-11,60,0.902350,1.186527
2026-04-12,60,1.629094,2.727529
2026-04-13,60,1.454351,2.216157
2026-04-14,60,1.802704,2.921441
2026-04-15,60,0.982126,1.111029
2026-04-16,60,1.487078,2.282930
2026-04-17,60,1.068469,0.422534
2026-04-18,60,1.376042,2.236321
2026-04-19,60,2.587916,4.147658
2026-04-20,60,1.743534,2.928412
2026-04-21,60,0.972054,0.657349
2026-04-22,60,3.115160,5.141238
2026-04-23,60,1.024063,0.316358
2026-04-24,60,1.089889,0.900499
2026-04-25,60,1.471127,2.414820
2026-04-26,60,1.261787,1.810508
2026-04-27,60,0.824698,0.716657
2026-04-28,60,1.080992,1.406277
2026-04-29,60,0.771947,0.849854
2026-04-30,60,2.550926,4.102727
2026-05-01,60,0.706886,0.680433
2026-05-02,60,0.725932,0.529973
2026-05-03,60,0.688742,0.740006
2026-05-04,60,2.126885,3.324309
2026-05-05,60,2.528058,3.752884
2026-05-06,60,1.693501,2.843478
2026-05-07,60,1.199417,1.851511
2026-05-08,60,1.361956,2.275936
2026-05-09,60,0.914681,1.013400
2026-05-10,60,2.666482,4.221540
2026-05-11,60,1.370523,2.187921
2026-05-12,60,0.521323,0.323939
2026-05-13,60,1.096829,1.843494
2026-05-14,60,1.446887,2.431751
2026-05-15,60,1.191876,1.766132
2026-05-16,60,0.536417,0.315921
2026-05-17,60,1.548941,2.453963
2026-05-18,60,0.819419,1.270687
2026-05-19,60,2.039341,3.109874
2026-05-20,60,0.692877,0.457589
2026-05-21,60,1.175479,1.973582
2026-05-22,60,0.832794,1.274368
2026-05-23,60,0.670975,0.460346
2026-05-24,60,3.066626,4.444834
2026-05-25,60,0.717644,0.247345
2025-08-29,90,0.606221,0.871707
2025-08-30,90,0.701819,1.124386
2025-08-31,90,0.686257,1.075369
2025-09-01,90,0.488017,0.379207
2025-09-02,90,0.467780,0.196651
2025-09-03,90,0.464456,0.235807
2025-09-04,90,0.422402,0.226048
2025-09-05,90,0.855235,1.434919
2025-09-06,90,0.780499,1.284779
2025-09-07,90,0.664787,0.869831
2025-09-08,90,1.416613,2.220393
2025-09-09,90,0.461584,0.490907
2025-09-10,90,0.606417,0.584234
2025-09-11,90,0.459409,0.499461
2025-09-12,90,1.011241,1.678653
2025-09-13,90,0.751460,1.253089
2025-09-14,90,0.747724,1.247765
2025-09-15,90,1.410059,2.189003
2025-09-16,90,0.440640,0.467337
2025-09-17,90,0.413541,0.103731
2025-09-18,90,2.321990,3.154426
2025-09-19,90,1.942417,2.812931
2025-09-20,90,0.427886,0.395190
2025-09-21,90,0.411584,0.320795
2025-09-22,90,0.877148,1.471046
2025-09-23,90,0.386949,0.129157
2025-09-24,90,2.539372,3.439186
2025-09-25,90,2.329691,3.227569
2025-09-26,90,3.000512,3.929283
2025-09-27,90,1.897496,2.786184
2025-09-28,90,1.827077,2.720008
2025-09-29,90,1.780025,2.681257
2025-09-30,90,2.676756,3.664746
2025-10-01,90,0.616768,0.935284
2025-10-02,90,0.579830,0.834485
2025-10-03,90,0.534647,0.701522
2025-10-04,90,0.684819,1.111124
2025-10-05,90,0.574378,0.859213
2025-10-06,90,0.934655,1.568083
2025-10-07,90,0.447645,0.397644
2025-10-08,90,1.168269,1.906576
2025-10-09,90,0.954426,1.596233
2025-10-10,90,0.784379,1.314957
2025-10-11,90,3.926684,4.886706
2025-10-12,90,0.477740,0.549932
2025-10-13,90,1.723559,2.606940
2025-10-14,90,3.151220,4.145721
2025-10-15,90,1.694334,2.595007
2025-10-16,90,2.050371,3.013114
2025-10-17,90,0.741088,1.213528
2025-10-18,90,0.654948,1.026834
2025-10-19,90,0.436350,0.070170
2025-10-20,90,4.182529,5.230723
2025-10-21,90,0.574165,0.788864
2025-10-22,90,0.647813,1.014418
2025-10-23,90,0.603586,0.900487
2025-10-24,90,0.466964,0.444611
2025-10-25,90,0.926620,1.556062
2025-10-26,90,0.430413,0.288165
2025-10-27,90,1.625619,2.489785
2025-10-28,90,1.437465,2.273827
2025-10-29,90,0.759652,1.256273
2025-10-30,90,0.536081,0.713215
2025-10-31,90,0.561223,0.804100
2025-11-01,90,0.567148,0.835291
2025-11-02,90,0.463073,0.504477
2025-11-03,90,0.482569,0.573477
2025-11-04,90,0.458754,0.518168
2025-11-05,90,1.640742,2.485261
2025-11-06,90,2.524717,3.462709
2025-11-07,90,0.411416,0.061468
2025-11-08,90,1.672041,2.560208
2025-11-09,90,0.453278,0.346889
2025-11-10,90,1.062311,1.777038
2025-11-11,90,1.762376,2.663821
2025-11-12,90,0.686866,1.095401
2025-11-13,90,0.665938,1.047659
2025-11-14,90,0.475520,0.437482
2025-11-15,90,0.439298,0.175676
2025-11-16,90,0.998519,1.673144
2025-11-17,90,0.425056,0.180335
2025-11-18,90,2.090579,2.998519
2025-11-19,90,0.427838,0.090614
2025-11-20,90,0.610784,0.958357
2025-11-21,90,2.441901,3.372851
2025-11-22,90,0.578925,0.846338
2025-11-23,90,0.636212,0.992239
2025-11-24,90,0.656708,1.054573
2025-11-25,90,1.486175,2.336480
2025-11-26,90,2.456289,3.452499
2025-11-27,90,2.034940,2.977189
2025-11-28,90,0.878093,1.475882
2025-11-29,90,0.902665,1.516954
2025-11-30,90,0.451476,0.199851
2025-12-01,90,1.189419,1.948241
2025-12-02,90,0.785532,1.307471
2025-12-03,90,0.446129,0.469210
2025-12-04,90,0.847879,1.425031
2025-12-05,90,0.960857,1.602812
2025-12-06,90,0.462732,0.557666
2025-12-07,90,0.357792,0.075950
2025-12-08,90,6.825774,7.816827
2025-12-09,90,1.016679,1.689142
2025-12-10,90,1.830834,2.753238
2025-12-11,90,4.518454,5.404538
2025-12-12,90,0.613121,0.919877
2025-12-13,90,0.460127,0.436905
2025-12-14,90,0.841695,1.413756
2025-12-15,90,0.468023,0.629941
2025-12-16,90,3.804804,4.614394
2025-12-17,90,3.813111,4.992434
2025-12-18,90,3.840157,4.786193
2025-12-19,90,0.858257,1.352702
2025-12-20,90,0.583329,0.912786
2025-12-21,90,0.753138,0.897202
2025-12-22,90,0.580548,0.641615
2025-12-23,90,0.808737,1.335311
2025-12-24,90,2.468201,3.565581
2025-12-25,90,0.424658,0.117193
2025-12-26,90,0.962141,1.615686
2025-12-27,90,0.418732,0.302948
2025-12-28,90,2.555669,3.528899
2025-12-29,90,1.836922,3.072891
2025-12-30,90,0.814996,1.363433
2025-12-31,90,1.478502,2.281311
2026-01-01,90,4.698108,6.063861
2026-01-02,90,1.816246,2.774402
2026-01-03,90,2.125924,3.036163
2026-01-04,90,0.560189,0.771189
2026-01-05,90,1.481459,2.305086
2026-01-06,90,0.573432,0.696213
2026-01-07,90,0.544066,0.553242
2026-01-08,90,0.472012,0.335595
2026-01-09,90,1.603865,2.612411
2026-01-10,90,7.650113,8.845714
2026-01-11,90,0.413935,0.066502
2026-01-12,90,1.025774,1.689164
2026-01-13,90,0.606566,0.940613
2026-01-14,90,0.988126,1.485964
2026-01-15,90,3.460892,4.752328
2026-01-16,90,1.785450,2.704091
2026-01-17,90,0.516385,0.504706
2026-01-18,90,0.413568,0.286876
2026-01-19,90,0.513312,0.681011
2026-01-20,90,2.474348,3.470707
2026-01-21,90,1.900538,2.932178
2026-01-22,90,2.408233,3.601860
2026-01-23,90,1.814844,3.005724
2026-01-24,90,4.011292,5.161157
2026-01-25,90,4.223724,5.915646
2026-01-26,90,2.185139,3.207641
2026-01-27,90,3.746269,5.007875
2026-01-28,90,0.792986,1.245309
2026-01-29,90,0.895339,1.476748
2026-01-30,90,0.512679,0.303816
2026-01-31,90,4.468560,5.678541
2026-02-01,90,0.580025,0.328241
2026-02-02,90,2.040506,3.159768
2026-02-03,90,1.005121,1.630564
2026-02-04,90,1.265566,2.114405
2026-02-05,90,1.576139,2.543590
2026-02-06,90,2.258604,3.409082
2026-02-07,90,3.250836,5.121748
2026-02-08,90,0.579114,0.078794
2026-02-09,90,1.579295,2.609012
2026-02-10,90,1.016089,1.691685
2026-02-11,90,0.746494,1.006647
2026-02-12,90,0.760088,1.064735
2026-02-13,90,1.337133,2.226967
2026-02-14,90,3.382737,4.727067
2026-02-15,90,0.572300,0.105672
2026-02-16,90,0.572007,0.001198
2026-02-17,90,1.174834,1.956981
2026-02-18,90,1.898289,3.180923
2026-02-19,90,0.870972,1.065663
2026-02-20,90,5.616911,7.559197
2026-02-21,90,1.032935,1.596613
2026-02-22,90,0.973013,1.512897
2026-02-23,90,1.790919,2.956441
2026-02-24,90,0.829618,0.993886
2026-02-25,90,2.425083,3.804605
2026-02-26,90,7.651219,9.378376
2026-02-27,90,6.297423,7.648637
2026-02-28,90,10.905630,12.901112
2026-03-01,90,3.875857,5.731764
2026-03-02,90,1.498751,2.517673
2026-03-03,90,2.117763,3.481769
2026-03-04,90,2.630563,4.263424
2026-03-05,90,1.102183,0.775473
2026-03-06,90,3.268877,5.275438
2026-03-07,90,1.637010,1.417819
2026-03-08,90,1.422084,2.304035
2026-03-09,90,3.879270,5.520505
2026-03-10,90,6.693827,8.789950
2026-03-11,90,2.210029,3.469532
2026-03-12,90,6.241335,9.640088
2026-03-13,90,1.742721,2.920509
2026-03-14,90,0.922218,0.181148
2026-03-15,90,0.645189,0.463223
2026-03-16,90,2.559308,4.299741
2026-03-17,90,2.506539,4.001273
2026-03-18,90,1.711380,2.852888
2026-03-19,90,1.453633,2.392266
2026-03-20,90,1.158961,0.402848
2026-03-21,90,1.133339,1.684106
2026-03-22,90,1.717189,1.978168
2026-03-23,90,1.880026,1.296328
2026-03-24,90,1.104254,1.821803
2026-03-25,90,0.787910,0.339790
2026-03-26,90,3.399640,4.962583
2026-03-27,90,8.852811,10.799271
2026-03-28,90,1.641714,2.758955
2026-03-29,90,1.436803,2.392352
2026-03-30,90,2.692468,4.457129
2026-03-31,90,1.162184,1.635869
2026-04-01,90,1.282116,0.428411
2026-04-02,90,1.234506,0.954429
2026-04-03,90,5.535371,8.443443
2026-04-04,90,1.615352,2.139118
2026-04-05,90,12.822488,15.762298
2026-04-06,90,1.313679,2.024904
2026-04-07,90,1.260146,2.006791
2026-04-08,90,0.767280,0.935328
2026-04-09,90,1.153253,1.899514
2026-04-10,90,1.707615,2.856823
2026-04-11,90,0.822275,0.990509
2026-04-12,90,1.572822,2.629086
2026-04-13,90,1.340962,1.989987
2026-04-14,90,1.861897,3.071273
2026-04-15,90,1.079320,1.579681
2026-04-16,90,1.255740,1.598056
2026-04-17,90,1.109274,0.742339
2026-04-18,90,1.324497,2.183754
2026-04-19,90,2.851453,4.354481
2026-04-20,90,1.892982,3.159674
2026-04-21,90,0.950593,0.837390
2026-04-22,90,3.052559,5.110594
2026-04-23,90,1.073846,0.527823
2026-04-24,90,1.169245,1.070777
2026-04-25,90,1.351443,2.229161
2026-04-26,90,1.189455,1.652290
2026-04-27,90,0.699486,0.960277
2026-04-28,90,1.072615,1.260056
2026-04-29,90,0.773893,0.715932
2026-04-30,90,2.500387,4.127509
2026-05-01,90,0.817055,0.657846
2026-05-02,90,0.925458,0.824978
2026-05-03,90,0.763003,0.188164
2026-05-04,90,1.407428,2.350616
2026-05-05,90,1.227255,2.020431
2026-05-06,90,1.381570,2.152280
2026-05-07,90,1.234983,1.719614
2026-05-08,90,1.364492,2.208255
2026-05-09,90,1.035557,1.024685
2026-05-10,90,2.294167,3.830332
2026-05-11,90,1.571063,2.487205
2026-05-12,90,0.728143,0.571970
2026-05-13,90,1.145210,1.839991
2026-05-14,90,1.580484,2.621963
2026-05-15,90,1.422504,1.999146
2026-05-16,90,0.698855,0.185241
2026-05-17,90,1.151641,1.896601
2026-05-18,90,1.028736,1.482223
2026-05-19,90,1.665249,2.788764
2026-05-20,90,0.896639,0.624554
2026-05-21,90,1.082683,1.579323
2026-05-22,90,0.859853,0.934188
2026-05-23,90,0.937290,1.128871
2026-05-24,90,3.340512,5.017027
2026-05-25,90,0.844944,0.102299
2025-08-29,120,0.690446,0.971590
2025-08-30,120,0.738663,1.112569
2025-08-31,120,0.763938,1.174506
2025-09-01,120,0.561404,0.496654
2025-09-02,120,0.510652,0.025044
2025-09-03,120,0.497902,0.028915
2025-09-04,120,0.490489,0.041711
2025-09-05,120,0.813203,1.328935
2025-09-06,120,0.803382,1.311671
2025-09-07,120,0.794336,1.293271
2025-09-08,120,1.251915,2.067917
2025-09-09,120,0.531169,0.599366
2025-09-10,120,0.625078,0.801164
2025-09-11,120,0.468499,0.313275
2025-09-12,120,0.891614,1.498188
2025-09-13,120,0.749613,1.230113
2025-09-14,120,0.693296,1.104655
2025-09-15,120,1.264073,2.046728
2025-09-16,120,0.448490,0.261052
2025-09-17,120,0.463951,0.045847
2025-09-18,120,2.366008,3.324677
2025-09-19,120,2.007162,2.983448
2025-09-20,120,0.448932,0.241147
2025-09-21,120,0.438178,0.208631
2025-09-22,120,0.810139,1.352993
2025-09-23,120,0.471019,0.357034
2025-09-24,120,2.535956,3.554156
2025-09-25,120,2.259878,3.249937
2025-09-26,120,3.117946,4.122635
2025-09-27,120,1.972492,2.925784
2025-09-28,120,1.960707,2.934502
2025-09-29,120,1.833349,2.793728
2025-09-30,120,2.784903,3.861991
2025-10-01,120,0.720292,1.132770
2025-10-02,120,0.545301,0.597963
2025-10-03,120,0.528931,0.521807
2025-10-04,120,0.797441,1.309111
2025-10-05,120,0.691470,1.081549
2025-10-06,120,1.034679,1.736520
2025-10-07,120,0.468919,0.223079
2025-10-08,120,1.161915,1.930344
2025-10-09,120,1.013498,1.700815
2025-10-10,120,0.867691,1.452887
2025-10-11,120,3.898485,4.969644
2025-10-12,120,0.555106,0.719377
2025-10-13,120,1.702097,2.621771
2025-10-14,120,3.250528,4.289086
2025-10-15,120,1.553978,2.450386
2025-10-16,120,1.783670,2.717316
2025-10-17,120,0.654897,1.016116
2025-10-18,120,0.592776,0.865337
2025-10-19,120,0.427786,0.002932
2025-10-20,120,4.061420,5.087148
2025-10-21,120,0.578983,0.825150
2025-10-22,120,0.649078,1.013622
2025-10-23,120,0.609780,0.915099
2025-10-24,120,0.481590,0.472885
2025-10-25,120,0.937217,1.574845
2025-10-26,120,0.454204,0.366105
2025-10-27,120,1.626916,2.510536
2025-10-28,120,1.575938,2.454170
2025-10-29,120,0.922144,1.550027
2025-10-30,120,0.495288,0.548118
2025-10-31,120,0.500954,0.574392
2025-11-01,120,0.506399,0.597460
2025-11-02,120,0.449289,0.317224
2025-11-03,120,0.529026,0.709124
2025-11-04,120,0.443563,0.402728
2025-11-05,120,1.586094,2.434625
2025-11-06,120,2.331351,3.269709
2025-11-07,120,0.406515,0.033131
2025-11-08,120,1.638609,2.504779
2025-11-09,120,0.446336,0.384085
2025-11-10,120,0.983398,1.644378
2025-11-11,120,2.004786,2.921794
2025-11-12,120,0.793202,1.325776
2025-11-13,120,0.734856,1.211763
2025-11-14,120,0.493648,0.574183
2025-11-15,120,0.417332,0.024543
2025-11-16,120,0.885949,1.489229
2025-11-17,120,0.469453,0.512445
2025-11-18,120,2.310783,3.231613
2025-11-19,120,0.430006,0.184463
2025-11-20,120,0.720332,1.192890
2025-11-21,120,2.539783,3.470712
2025-11-22,120,0.527260,0.706733
2025-11-23,120,0.672563,1.088913
2025-11-24,120,0.614628,0.974061
2025-11-25,120,1.456073,2.284916
2025-11-26,120,2.452722,3.428031
2025-11-27,120,1.933270,2.841254
2025-11-28,120,0.938730,1.574594
2025-11-29,120,1.013222,1.690790
2025-11-30,120,0.421873,0.032776
2025-12-01,120,0.988120,1.652235
2025-12-02,120,0.961921,1.611505
2025-12-03,120,0.414623,0.130388
2025-12-04,120,1.024241,1.704753
2025-12-05,120,1.280392,2.083726
2025-12-06,120,0.554278,0.815167
2025-12-07,120,0.405672,0.171935
2025-12-08,120,6.282223,7.272820
2025-12-09,120,0.772201,1.288873
2025-12-10,120,1.708839,2.609738
2025-12-11,120,4.022775,5.041153
2025-12-12,120,0.782458,1.291320
2025-12-13,120,0.558379,0.733705
2025-12-14,120,1.229116,2.021364
2025-12-15,120,0.460819,0.269127
2025-12-16,120,2.766908,3.795227
2025-12-17,120,3.642657,4.717287
2025-12-18,120,3.544728,4.637362
2025-12-19,120,0.700866,1.102564
2025-12-20,120,0.750623,1.213957
2025-12-21,120,0.572835,0.760191
2025-12-22,120,0.650586,0.983443
2025-12-23,120,0.631807,0.932708
2025-12-24,120,2.290885,3.326980
2025-12-25,120,0.465828,0.103873
2025-12-26,120,1.264637,2.082290
2025-12-27,120,0.545941,0.658033
2025-12-28,120,2.303365,3.333098
2025-12-29,120,2.053129,3.065720
2025-12-30,120,0.817001,1.357271
2025-12-31,120,1.409206,2.257621
2026-01-01,120,4.908584,6.096871
2026-01-02,120,1.756398,2.715737
2026-01-03,120,1.989974,2.972579
2026-01-04,120,0.570685,0.738692
2026-01-05,120,1.486430,2.364385
2026-01-06,120,0.562481,0.678122
2026-01-07,120,0.525339,0.514638
2026-01-08,120,0.478226,0.295831
2026-01-09,120,1.600380,2.574306
2026-01-10,120,7.700768,8.873311
2026-01-11,120,0.437673,0.045438
2026-01-12,120,0.973017,1.627963
2026-01-13,120,0.637344,1.006847
2026-01-14,120,0.955727,1.513431
2026-01-15,120,3.623642,4.846363
2026-01-16,120,1.625935,2.505119
2026-01-17,120,0.475615,0.376987
2026-01-18,120,0.385047,0.132988
2026-01-19,120,0.438826,0.422702
2026-01-20,120,2.907790,3.888896
2026-01-21,120,2.115482,3.147725
2026-01-22,120,2.487766,3.658992
2026-01-23,120,2.041973,3.326710
2026-01-24,120,3.460525,4.498000
2026-01-25,120,3.900950,5.596325
2026-01-26,120,2.148429,3.088324
2026-01-27,120,3.731783,4.916525
2026-01-28,120,0.762350,1.221017
2026-01-29,120,0.845019,1.402802
2026-01-30,120,0.461403,0.249260
2026-01-31,120,4.556631,5.664013
2026-02-01,120,0.517211,0.213322
2026-02-02,120,2.148866,3.213847
2026-02-03,120,1.014811,1.687821
2026-02-04,120,1.328032,2.178318
2026-02-05,120,1.683531,2.642823
2026-02-06,120,2.387048,3.486202
2026-02-07,120,3.576337,5.441524
2026-02-08,120,0.579303,0.451384
2026-02-09,120,1.809079,2.889606
2026-02-10,120,1.041709,1.748370
2026-02-11,120,0.683633,0.889351
2026-02-12,120,0.766609,1.158257
2026-02-13,120,1.395082,2.281947
2026-02-14,120,3.363223,4.592414
2026-02-15,120,0.511947,0.009557
2026-02-16,120,0.510396,0.052677
2026-02-17,120,1.071659,1.782856
2026-02-18,120,1.989416,3.276257
2026-02-19,120,0.830894,1.127074
2026-02-20,120,5.802973,7.573101
2026-02-21,120,1.036386,1.683767
2026-02-22,120,0.930968,1.489735
2026-02-23,120,1.798884,2.920908
2026-02-24,120,0.846326,1.210817
2026-02-25,120,2.465837,3.773751
2026-02-26,120,7.748122,9.313969
2026-02-27,120,6.428165,7.699900
2026-02-28,120,11.114666,12.920556
2026-03-01,120,4.110605,5.834657
2026-03-02,120,1.607450,2.662610
2026-03-03,120,2.072761,3.361264
2026-03-04,120,2.637493,4.195683
2026-03-05,120,1.023026,0.877029
2026-03-06,120,3.207364,5.085676
2026-03-07,120,1.441812,1.137834
2026-03-08,120,1.614394,2.711615
2026-03-09,120,4.774797,6.321868
2026-03-10,120,8.073050,10.010093
2026-03-11,120,2.949165,4.956418
2026-03-12,120,7.068114,10.474877
2026-03-13,120,1.401650,2.354553
2026-03-14,120,0.881457,0.591140
2026-03-15,120,0.767179,1.110500
2026-03-16,120,1.957902,3.251422
2026-03-17,120,2.959596,4.498973
2026-03-18,120,1.505571,2.525556
2026-03-19,120,1.257438,2.007090
2026-03-20,120,1.097436,0.300899
2026-03-21,120,1.413451,2.349274
2026-03-22,120,1.474273,1.298722
2026-03-23,120,1.811136,1.685696
2026-03-24,120,0.920139,1.445800
2026-03-25,120,0.799423,0.709489
2026-03-26,120,4.145219,5.703814
2026-03-27,120,9.317992,11.161829
2026-03-28,120,1.422436,2.378113
2026-03-29,120,1.237384,2.022892
2026-03-30,120,3.098666,4.940878
2026-03-31,120,1.333603,2.148991
2026-04-01,120,1.242911,0.877399
2026-04-02,120,1.141967,0.643718
2026-04-03,120,5.320932,8.095515
2026-04-04,120,1.635662,2.384383
2026-04-05,120,12.732506,15.514423
2026-04-06,120,1.212286,1.805141
2026-04-07,120,1.363009,2.239719
2026-04-08,120,0.706445,0.647694
2026-04-09,120,1.016565,1.601353
2026-04-10,120,1.597449,2.667252
2026-04-11,120,0.795668,0.878977
2026-04-12,120,1.457547,2.448630
2026-04-13,120,1.317720,1.995700
2026-04-14,120,1.844979,3.070233
2026-04-15,120,1.074715,1.606785
2026-04-16,120,1.228396,1.669563
2026-04-17,120,1.045949,0.767898
2026-04-18,120,1.224138,1.987368
2026-04-19,120,2.624162,4.078471
2026-04-20,120,1.702609,2.858553
2026-04-21,120,0.884949,0.566501
2026-04-22,120,2.954202,4.941601
2026-04-23,120,1.043680,0.547309
2026-04-24,120,1.147083,1.158061
2026-04-25,120,1.236459,1.983315
2026-04-26,120,1.140240,1.504617
2026-04-27,120,0.758152,0.952457
2026-04-28,120,1.057298,1.211957
2026-04-29,120,0.820441,0.810635
2026-04-30,120,2.480722,4.098465
2026-05-01,120,0.835326,0.683200
2026-05-02,120,0.918732,0.770180
2026-05-03,120,0.781244,0.288843
2026-05-04,120,1.495985,2.509621
2026-05-05,120,1.373076,2.298068
2026-05-06,120,1.432155,2.287931
2026-05-07,120,1.255352,1.759524
2026-05-08,120,1.386743,2.251956
2026-05-09,120,1.039390,1.062705
2026-05-10,120,2.314853,3.865797
2026-05-11,120,1.561304,2.464533
2026-05-12,120,0.730255,0.555990
2026-05-13,120,1.128805,1.806204
2026-05-14,120,1.579260,2.615970
2026-05-15,120,1.448284,1.984051
2026-05-16,120,0.716934,0.029523
2026-05-17,120,0.990074,1.535771
2026-05-18,120,1.129459,1.734480
2026-05-19,120,1.369819,2.293375
2026-05-20,120,0.968753,0.897794
2026-05-21,120,1.066015,1.507591
2026-05-22,120,0.877986,0.926822
2026-05-23,120,0.960136,1.109417
2026-05-24,120,3.243566,4.951088
2026-05-25,120,0.907480,0.159690
